{
    "startLogs": {
        "id": "",
        "token": "vmnS6NyHs0ElgIxpl-sUDTtCXfW_BaehYSSYQZdAWJJ-2_mExNZffLBtb6O7wQviX5rd"
    },
    "shardLogs": {
        "id": "",
        "token": "vmnS6NyHs0ElgIxpl-sUDTtCXfW_BaehYSSYQZdAWJJ-2_mExNZffLBtb6O7wQviX5rd"
    },
    "errorLogs": {
        "id": "",
        "token": "vmnS6NyHs0ElgIxpl-sUDTtCXfW_BaehYSSYQZdAWJJ-2_mExNZffLBtb6O7wQviX5rd"
    },
    "dmLogs": {
        "id": "",
        "token": "vmnS6NyHs0ElgIxpl-sUDTtCXfW_BaehYSSYQZdAWJJ-2_mExNZffLBtb6O7wQviX5rd"
    },
    "voiceLogs": {
        "id": "",
        "token": "vmnS6NyHs0ElgIxpl-sUDTtCXfW_BaehYSSYQZdAWJJ-2_mExNZffLBtb6O7wQviX5rd"
    },
    "serverLogs": {
        "id": "",
        "token": "vmnS6NyHs0ElgIxpl-sUDTtCXfW_BaehYSSYQZdAWJJ-2_mExNZffLBtb6O7wQviX5rd"
    },
    "serverLogs2": {
        "id": "",
        "token": "vmnS6NyHs0ElgIxpl-sUDTtCXfW_BaehYSSYQZdAWJJ-2_mExNZffLBtb6O7wQviX5rd"
    },
    "commandLogs": {
        "id": "",
        "token": "vmnS6NyHs0ElgIxpl-sUDTtCXfW_BaehYSSYQZdAWJJ-2_mExNZffLBtb6O7wQviX5rd"
    },
    "consoleLogs": {
        "id": "",
        "token": "vmnS6NyHs0ElgIxpl-sUDTtCXfW_BaehYSSYQZdAWJJ-2_mExNZffLBtb6O7wQviX5rd"
    },
    "warnLogs": {
        "id": "",
        "token": "vmnS6NyHs0ElgIxpl-sUDTtCXfW_BaehYSSYQZdAWJJ-2_mExNZffLBtb6O7wQviX5rd"
    },
    "voiceErrorLogs": {
        "id": "",
        "token": "vmnS6NyHs0ElgIxpl-sUDTtCXfW_BaehYSSYQZdAWJJ-2_mExNZffLBtb6O7wQviX5rd"
    },
    "creditLogs": {
        "id": "",
        "token": "vmnS6NyHs0ElgIxpl-sUDTtCXfW_BaehYSSYQZdAWJJ-2_mExNZffLBtb6O7wQviX5rd"
    },
    "evalLogs": {
        "id": "",
        "token": "vmnS6NyHs0ElgIxpl-sUDTtCXfW_BaehYSSYQZdAWJJ-2_mExNZffLBtb6O7wQviX5rd"
    },
    "interactionLogs": {
        "id": "",
        "token": "vmnS6NyHs0ElgIxpl-sUDTtCXfW_BaehYSSYQZdAWJJ-2_mExNZffLBtb6O7wQviX5rd"
    },
    "bugReportLogs": {
        "id": "",
        "token": "vmnS6NyHs0ElgIxpl-sUDTtCXfW_BaehYSSYQZdAWJJ-2_mExNZffLBtb6O7wQviX5rd"
    }
}