{
    "startLogs": {
        "id": "1080125779955945583",
        "token": "t25APpnnhKz0jsNSzRmTO04TTtgS1c5kleifUS9zGUg7tJmNNESqGF9khtZe1PuCYfGi"
    },
    "shardLogs": {
        "id": "1080125779955945583",
        "token": "t25APpnnhKz0jsNSzRmTO04TTtgS1c5kleifUS9zGUg7tJmNNESqGF9khtZe1PuCYfGi"
    },
    "errorLogs": {
        "id": "1080125779955945583",
        "token": "t25APpnnhKz0jsNSzRmTO04TTtgS1c5kleifUS9zGUg7tJmNNESqGF9khtZe1PuCYfGi"
    },
    "dmLogs": {
        "id": "1080125779955945583",
        "token": "t25APpnnhKz0jsNSzRmTO04TTtgS1c5kleifUS9zGUg7tJmNNESqGF9khtZe1PuCYfGi"
    },
    "voiceLogs": {
        "id": "1080125779955945583",
        "token": "t25APpnnhKz0jsNSzRmTO04TTtgS1c5kleifUS9zGUg7tJmNNESqGF9khtZe1PuCYfGi"
    },
    "serverLogs": {
        "id": "",
        "token": "t25APpnnhKz0jsNSzRmTO04TTtgS1c5kleifUS9zGUg7tJmNNESqGF9khtZe1PuCYfGi"
    },
    "serverLogs2": {
        "id": "1080125779955945583",
        "token": "t25APpnnhKz0jsNSzRmTO04TTtgS1c5kleifUS9zGUg7tJmNNESqGF9khtZe1PuCYfGi"
    },
    "commandLogs": {
        "id": "1080125779955945583",
        "token": "t25APpnnhKz0jsNSzRmTO04TTtgS1c5kleifUS9zGUg7tJmNNESqGF9khtZe1PuCYfGi"
    },
    "consoleLogs": {
        "id": "1080125779955945583",
        "token": "t25APpnnhKz0jsNSzRmTO04TTtgS1c5kleifUS9zGUg7tJmNNESqGF9khtZe1PuCYfGi"
    },
    "warnLogs": {
        "id": "1080125779955945583",
        "token": "t25APpnnhKz0jsNSzRmTO04TTtgS1c5kleifUS9zGUg7tJmNNESqGF9khtZe1PuCYfGi"
    },
    "voiceErrorLogs": {
        "id": "1080125779955945583",
        "token": "t25APpnnhKz0jsNSzRmTO04TTtgS1c5kleifUS9zGUg7tJmNNESqGF9khtZe1PuCYfGi"
    },
    "creditLogs": {
        "id": "1080125779955945583",
        "token": "t25APpnnhKz0jsNSzRmTO04TTtgS1c5kleifUS9zGUg7tJmNNESqGF9khtZe1PuCYfGi"
    },
    "evalLogs": {
        "id": "1080125779955945583",
        "token": "t25APpnnhKz0jsNSzRmTO04TTtgS1c5kleifUS9zGUg7tJmNNESqGF9khtZe1PuCYfGi"
    },
    "interactionLogs": {
        "id": "1080125779955945583",
        "token": "t25APpnnhKz0jsNSzRmTO04TTtgS1c5kleifUS9zGUg7tJmNNESqGF9khtZe1PuCYfGi"
    },
    "bugReportLogs": {
        "id": "1080125779955945583",
        "token": "t25APpnnhKz0jsNSzRmTO04TTtgS1c5kleifUS9zGUg7tJmNNESqGF9khtZe1PuCYfGi"
    }
}